genotype;p;n;tree;prob
I;DM;33;p826 p1516;20,4968944099379
I;ET;81;p826 p1516;50,3105590062112
I;XX;47;p826 p1516;29,1925465838509
I;ME;80;p375 p826;49,6894409937888
I;VD;28;p375 p826;17,3913043478261
I;XX;53;p375 p826;32,9192546583851
I;DF;25;p826 p1025;15,527950310559
I;EI;80;p826 p1025;49,6894409937888
I;XX;56;p826 p1025;34,7826086956522
I;DM;25;p826 p2859;15,527950310559
I;EV;81;p826 p2859;50,3105590062112
I;XX;55;p826 p2859;34,1614906832298
I;AA;63;p1039 p3373;39,1304347826087
I;VV;37;p1039 p3373;22,9813664596273
I;XX;61;p1039 p3373;37,888198757764
I;DV;53;p826 p3373;32,9192546583851
I;EA;65;p826 p3373;40,3726708074534
I;XX;43;p826 p3373;26,7080745341615
I;IA;63;p102 p1039;39,1304347826087
I;IV;70;p102 p1039;43,4782608695652
I;XX;28;p102 p1039;17,3913043478261
I;KD;35;p453 p826;21,7391304347826
I;KE;74;p453 p826;45,9627329192547
I;XX;52;p453 p826;32,2981366459627
I;DV;35;p826 p2260;21,7391304347826
I;EV;53;p826 p2260;32,9192546583851
I;XX;73;p826 p2260;45,3416149068323
I;DV;35;p826 p1039;21,7391304347826
I;EA;44;p826 p1039;27,3291925465839
I;XX;82;p826 p1039;50,9316770186335
II;DM;177;p826 p1516;98,3333333333333
II;XX;3;p826 p1516;1,66666666666667
II;VD;180;p375 p826;100
II;DF;180;p826 p1025;100
II;DM;175;p826 p2859;97,2222222222222
II;XX;5;p826 p2859;2,77777777777778
II;AA;16;p1039 p3373;8,88888888888889
II;VV;142;p1039 p3373;78,8888888888889
II;XX;22;p1039 p3373;12,2222222222222
II;DV;161;p826 p3373;89,4444444444444
II;XX;19;p826 p3373;10,5555555555556
II;IA;4;p102 p1039;2,22222222222222
II;IV;136;p102 p1039;75,5555555555556
II;XX;40;p102 p1039;22,2222222222222
II;KD;173;p453 p826;96,1111111111111
II;XX;7;p453 p826;3,88888888888889
II;DV;174;p826 p2260;96,6666666666667
II;XX;6;p826 p2260;3,33333333333333
II;DV;145;p826 p1039;80,5555555555556
II;XX;35;p826 p1039;19,4444444444444